Workbook
Name Slicer_Category: #N/A
Name Slicer_Destination: #N/A
Name Slicer_Month: #N/A

Sheet Dashboard
A1: Travel Expenses Dashboard
A7: Total Trips | E7: Total Spending | I7: Average Trip Cost | M7: Highest Expense
A9: =COUNTA(Travel_Expense_Data!A2:A26) -> 25 | E9: =SUM(Travel_Expense_Data!I2:I26) -> 465866 | I9: =AVERAGE(Travel_Expense_Data!I2:I26) -> 18634.64 | M9: =MAX(Travel_Expense_Data!I2:I26) -> 24510

Sheet destination wise spending
A3: Row Labels | B3: Sum of Total_Expense
A4: Darjeeling | B4: 64172
A5: Goa | B5: 69418
A6: Kasol | B6: 33328
A7: Manali | B7: 85713
A8: Mysore | B8: 34561
A9: Pondicherry | B9: 59921
A10: Rishikesh | B10: 76849
A11: Udaipur | B11: 41904
A12: Grand Total | B12: 465866

Sheet monthly spending trend
A3: Row Labels | B3: Sum of Total_Expense
A4: Jan | B4: 99847
A5: Feb | B5: 112885
A6: Mar | B6: 114322
A7: Apr | B7: 65073
A8: May | B8: 51226
A9: Jun | B9: 22513
A10: Grand Total | B10: 465866

Sheet category expenses
A2: Category | B2: Total Expense
A3: Transport | B3: =SUM(Travel_Expense_Data!D2:'Travel_Expense_Data'!D26) -> 117057 | F3: Row Labels | G3: Sum of Total Expense
A4: Hotel | B4: =SUM(Travel_Expense_Data!E2:'Travel_Expense_Data'!E26) -> 180901 | F4: Food | G4: 83315
A5: Food | B5: =SUM(Travel_Expense_Data!F2:'Travel_Expense_Data'!F26) -> 83315 | F5: Hotel | G5: 180901
A6: shopping | B6: =SUM(Travel_Expense_Data!G2:'Travel_Expense_Data'!G26) -> 54626 | F6: Other | G6: 29967
A7: Other | B7: =SUM(Travel_Expense_Data!H2:'Travel_Expense_Data'!H26) -> 29967 | F7: shopping | G7: 54626
F8: Transport | G8: 117057
F9: Grand Total | G9: 465866

Sheet Travel_Expense_Data
A1: Trip_ID | B1: Destination | C1: Month | D1: Transport | E1: Hotel | F1: Food | G1: Shopping | H1: Other | I1: Total_Expense
A2: T01 | B2: Manali | C2: Jan | D2: 3144 | E2: 10638 | F2: 4754 | G2: 3528 | H2: 2446 | I2: =SUM(D2:H2) -> 24510
A3: T02 | B3: Goa | C3: May | D3: 6137 | E3: 4001 | F3: 1557 | G3: 3392 | H3: 2497 | I3: =SUM(D3:H3) -> 17584
A4: T03 | B4: Pondicherry | C4: Jun | D4: 6435 | E4: 6977 | F4: 3390 | G4: 3752 | H4: 1959 | I4: =SUM(D4:H4) -> 22513
A5: T04 | B5: Udaipur | C5: Jan | D5: 3011 | E5: 10166 | F5: 3665 | G5: 636 | H5: 393 | I5: =SUM(D5:H5) -> 17871
A6: T05 | B6: Rishikesh | C6: Mar | D6: 5049 | E6: 11756 | F6: 4004 | G6: 1187 | H6: 1262 | I6: =SUM(D6:H6) -> 23258
A7: T06 | B7: Darjeeling | C7: Mar | D7: 2995 | E7: 3596 | F7: 2437 | G7: 3566 | H7: 488 | I7: =SUM(D7:H7) -> 13082
A8: T07 | B8: Rishikesh | C8: Jan | D8: 3188 | E8: 7232 | F8: 4017 | G8: 1245 | H8: 342 | I8: =SUM(D8:H8) -> 16024
A9: T08 | B9: Mysore | C9: Apr | D9: 6627 | E9: 6488 | F9: 2480 | G9: 757 | H9: 922 | I9: =SUM(D9:H9) -> 17274
A10: T09 | B10: Goa | C10: Apr | D10: 3986 | E10: 5152 | F10: 1935 | G10: 1723 | H10: 909 | I10: =SUM(D10:H10) -> 13705
A11: T10 | B11: Kasol | C11: Mar | D11: 6860 | E11: 5310 | F11: 1419 | G11: 2474 | H11: 972 | I11: =SUM(D11:H11) -> 17035
A12: T11 | B12: Pondicherry | C12: Feb | D12: 2838 | E12: 3184 | F12: 3781 | G12: 3424 | H12: 679 | I12: =SUM(D12:H12) -> 13906
A13: T12 | B13: Darjeeling | C13: Feb | D13: 5896 | E13: 7699 | F13: 4216 | G13: 2228 | H13: 793 | I13: =SUM(D13:H13) -> 20832
... A26: T25 | B26: Kasol | C26: May | D26: 5065 | E26: 3874 | F26: 3561 | G26: 1845 | H26: 1948 | I26: =SUM(D26:H26) -> 16293
